Quarter,Oil_Price,Interest_SA,Interest_RU,Inflation_SA,Inflation_RU,USD_SAR,USD_RUB,TASI,MOEX
2015Q1,68.35,2.38,6.3,2.4,4.78,3.75,73.53,6845.58,160.1
2015Q2,68.52,2.67,6.57,2.21,4.26,3.77,66.06,7203.26,184.0
2015Q3,71.26,2.5,6.31,1.54,5.38,3.76,71.46,7299.53,168.61
2015Q4,63.71,2.55,6.51,2.0,3.99,3.8,67.65,7340.84,161.08
2016Q1,53.68,2.59,6.4,2.19,4.96,3.72,82.02,7329.57,150.73
2016Q2,60.8,2.59,6.45,1.78,4.25,3.76,66.3,7290.2,143.55
2016Q3,62.15,2.4,6.6,2.08,3.84,3.73,68.44,7325.95,141.73
2016Q4,59.72,2.37,6.55,2.03,4.16,3.73,68.26,7163.13,141.71
2017Q1,59.72,2.4,6.45,2.0,3.94,3.79,67.8,6926.41,129.34
2017Q2,63.28,2.53,6.41,1.95,4.35,3.78,70.71,7335.9,127.93
2017Q3,69.12,2.49,6.58,2.13,4.26,3.71,71.37,7348.76,133.27
2017Q4,60.15,2.49,6.51,2.36,4.72,3.75,61.91,7334.39,142.15
2018Q1,54.74,2.49,6.72,1.71,4.9,3.75,67.13,7583.54,143.68
2018Q2,68.69,2.47,6.51,2.31,4.4,3.71,63.4,7848.52,115.86
2018Q3,58.68,2.49,6.54,2.07,4.48,3.75,76.18,7972.66,141.14
2018Q4,64.59,2.49,5.92,2.13,4.7,3.76,82.33,7984.45,176.02
2019Q1,61.35,2.58,6.52,1.66,4.12,3.75,76.92,8546.74,185.24
2019Q2,63.5,2.53,6.27,2.04,5.0,3.71,71.73,8881.32,168.1
2019Q3,68.74,2.59,6.66,2.45,5.09,3.77,75.11,9238.92,152.55
2019Q4,68.33,2.71,6.43,1.68,4.64,3.75,70.83,8875.95,178.38
2020Q1,59.1,2.37,6.46,1.41,6.18,3.75,78.28,8725.43,192.83
2020Q2,68.24,2.46,6.55,1.48,5.14,3.73,73.34,9204.75,202.46
2020Q3,69.31,2.57,6.83,2.08,4.42,3.76,68.85,9133.0,187.34
2020Q4,69.18,2.76,6.3,2.72,4.25,3.77,64.35,9484.78,205.05
2021Q1,61.36,2.41,6.43,2.34,4.34,3.74,66.8,9459.52,196.92
2021Q2,67.03,2.56,6.47,2.5,4.15,3.75,71.57,9602.02,184.76
2021Q3,57.95,2.47,6.58,2.03,5.29,3.77,63.87,9535.35,185.45
2021Q4,69.39,2.43,6.73,2.42,4.01,3.71,68.89,9562.23,177.79
2022Q1,63.68,2.44,6.41,1.92,4.44,3.75,76.7,9689.68,184.23
2022Q2,66.04,2.48,6.59,2.18,4.13,3.71,70.15,9618.34,184.33
2022Q3,66.21,2.45,6.66,1.92,5.23,3.73,79.93,9811.96,181.52
2022Q4,57.72,2.68,6.59,1.84,3.51,3.76,77.24,10158.31,154.09
2023Q1,66.87,2.38,6.89,2.04,4.25,3.75,68.56,10786.22,152.18
2023Q2,58.1,2.83,6.55,1.86,4.41,3.74,63.2,11217.8,136.83
2023Q3,60.65,2.68,6.54,2.39,4.72,3.74,69.76,11453.72,123.97
2023Q4,73.22,2.57,6.75,2.06,4.82,3.77,67.6,11199.77,123.83
